Workbook

Sheet Tabela 00 - Cadastro
A1: Zona portuária | B1: UF | C1: Obj. de Concessão | D1: Tipo | E1: CAPEX Total | F1: Data de assinatura do contrato | G1: Descrição | H1: Coordenada E (UTM) | I1: Coordenada S (UTM) | J1: Fuso
A2: Porto Organizado de Santos | B2: SP | C2: TECON 10 | D2: Arrendamento | E2: 6454903000 | G2: Terminal destinado à movimentação e armazenagem de carga conteinerizada e carga geral. | H2: 363506.31 | I2: 7353284.66 | J2: 23
A3: Não se aplica | B3: MT; MS | C3: Hidrovia do Paraguai | D3: Concessão | E3: 63796000 | G3: Hidrovia no trecho brasileiro fazendo divisa com Paraguai e Bolívia.
A4: Porto Organizado de Maceió | B4: AL | C4: TPM Macéio | D4: Arrendamento | E4: 1978000 | G4: Terminal destinado a movimentação de passageiros.
A5: Porto Organizado do Rio de Janeiro | B5: RJ | C5: RDJ07 | D5: Arrendamento | E5: 101741000 | G5: Terminal portuário destinado à movimentação e armazenagem de carga para apoio logístico Offshore. | H5: 683608.71 | I5: 7466878.73 | J5: 23
A6: Não se aplica | B6: PR | C6: Canal de Paranaguá | D6: Concessão | E6: 1226475000 | F6: 46073 | G6: Acesso aquaviário (canal de acesso) ao Porto de Paranaguá. | H6: 753202.27 | I6: 7177980.34 | J6: 22
A7: Porto Organizado de São Sebastião | B7: SP | C7: SSB01 | D7: Arrendamento | E7: 656085000 | G7: Pátio de cargas para movimentação de carga conteinerizada, dentre outras. | H7: 459300.75 | I7: 7366609.17 | J7: 23

Sheet Tabela 01 - Serviços
A1: Zona portuária | B1: UF | C1: Obj. de Concessão | D1: Tipo de Serviço | E1: Fase | F1: Serviço | G1: Descrição do serviço | H1: Prazo início (anos) | I1: Data de início | J1: Prazo final (anos) | K1: Data final | L1: Fonte (Prazo) | M1: % de CAPEX para o serviço | N1: CAPEX do Serviço | O1: Fonte (% do CAPEX)
A2: Não se aplica | B2: PR | C2: Canal de Paranaguá | D2: CMO | E2: 1ª | F2: Dragagem de Implantação de canal | G2: Evolução para 13,3m | H2: 3 | I2: =('Tabela 00 - Cadastro'!$F$6)+((Tabela1[[#This Row],[Prazo início (anos)]]-1)*365) -> 46803 | J2: 3 | K2: =('Tabela 00 - Cadastro'!$F$6)+(Tabela1[[#This Row],[Prazo final (anos)]]*365) -> 47168 | L2: EVTEA - Plano de Exploração | M2: 0.1 | N2: =('Tabela 00 - Cadastro'!$E$6)*Tabela1[[#This Row],[% de CAPEX para o serviço]] -> 122647500 | O2: Estimado
A3: Não se aplica | B3: PR | C3: Canal de Paranaguá | D3: CMO | E3: 1ª | F3: Dragagem de Implantação de berços | G3: a) berços 201-215; e b) berços 216-218 | H3: 3 | I3: =('Tabela 00 - Cadastro'!$F$6)+((Tabela1[[#This Row],[Prazo início (anos)]]-1)*365) -> 46803 | J3: 5 | K3: =('Tabela 00 - Cadastro'!$F$6)+(Tabela1[[#This Row],[Prazo final (anos)]]*365) -> 47898 | L3: EVTEA - Plano de Exploração | M3: 0.1 | N3: =('Tabela 00 - Cadastro'!$E$6)*Tabela1[[#This Row],[% de CAPEX para o serviço]] -> 122647500 | O3: Estimado
A4: Não se aplica | B4: PR | C4: Canal de Paranaguá | D4: Disponibilidade de Infraestrutura | E4: 1ª | F4: Alargamento de bacia de evolução | G4: Trechos Charlie 1 e 3 | H4: 3 | I4: =('Tabela 00 - Cadastro'!$F$6)+((Tabela1[[#This Row],[Prazo início (anos)]]-1)*365) -> 46803 | J4: 3 | K4: =('Tabela 00 - Cadastro'!$F$6)+(Tabela1[[#This Row],[Prazo final (anos)]]*365) -> 47168 | L4: EVTEA - Plano de Exploração | M4: 0.1 | N4: =('Tabela 00 - Cadastro'!$E$6)*Tabela1[[#This Row],[% de CAPEX para o serviço]] -> 122647500 | O4: Estimado
A5: Não se aplica | B5: PR | C5: Canal de Paranaguá | D5: Disponibilidade de Infraestrutura | E5: 1ª | F5: Derrocamento | G5: Pedra da Palangana - retificação do canal de acesso | H5: 3 | I5: =('Tabela 00 - Cadastro'!$F$6)+((Tabela1[[#This Row],[Prazo início (anos)]]-1)*365) -> 46803 | J5: 5 | K5: =('Tabela 00 - Cadastro'!$F$6)+(Tabela1[[#This Row],[Prazo final (anos)]]*365) -> 47898 | L5: EVTEA - Plano de Exploração | M5: 0.25 | N5: =('Tabela 00 - Cadastro'!$E$6)*Tabela1[[#This Row],[% de CAPEX para o serviço]] -> 306618750 | O5: Estimado
A6: Não se aplica | B6: PR | C6: Canal de Paranaguá | D6: CMO | E6: 2ª | F6: Dragagem de Implantação de canal | G6: Evolução para e 15,5m | H6: 3 | I6: =('Tabela 00 - Cadastro'!$F$6)+((Tabela1[[#This Row],[Prazo início (anos)]]-1)*365) -> 46803 | J6: 5 | K6: =('Tabela 00 - Cadastro'!$F$6)+(Tabela1[[#This Row],[Prazo final (anos)]]*365) -> 47898 | L6: EVTEA - Plano de Exploração | M6: 0.1 | N6: =('Tabela 00 - Cadastro'!$E$6)*Tabela1[[#This Row],[% de CAPEX para o serviço]] -> 122647500 | O6: Estimado
A7: Não se aplica | B7: PR | C7: Canal de Paranaguá | D7: CMO | E7: 2ª | F7: Dragagem de Implantação de berços | G7: a) berços 216-218; b) Pier L; c) Píer F; e d) Píer T | H7: 3 | I7: =('Tabela 00 - Cadastro'!$F$6)+((Tabela1[[#This Row],[Prazo início (anos)]]-1)*365) -> 46803 | J7: 5 | K7: =('Tabela 00 - Cadastro'!$F$6)+(Tabela1[[#This Row],[Prazo final (anos)]]*365) -> 47898 | L7: EVTEA - Plano de Exploração | M7: 0.1 | N7: =('Tabela 00 - Cadastro'!$E$6)*Tabela1[[#This Row],[% de CAPEX para o serviço]] -> 122647500 | O7: Estimado
A8: Não se aplica | B8: PR | C8: Canal de Paranaguá | D8: CMO | E8: 2ª | F8: Derrocamento | G8: Pedra da Palangana - integração da área à bacia de evolução e manobras | H8: 3 | I8: =('Tabela 00 - Cadastro'!$F$6)+((Tabela1[[#This Row],[Prazo início (anos)]]-1)*365) -> 46803 | J8: 5 | K8: =('Tabela 00 - Cadastro'!$F$6)+(Tabela1[[#This Row],[Prazo final (anos)]]*365) -> 47898 | L8: EVTEA - Plano de Exploração | M8: 0.24 | N8: =('Tabela 00 - Cadastro'!$E$6)*Tabela1[[#This Row],[% de CAPEX para o serviço]] -> 294354000 | O8: Estimado
A9: Não se aplica | B9: PR | C9: Canal de Paranaguá | D9: Disponibilidade de Infraestrutura | E9: 2ª | F9: Implantação de Sistema | G9: Sistemas de Gerenciamento do Tráfego (VTS/VTMIS) | H9: 5 | I9: =('Tabela 00 - Cadastro'!$F$6)+((Tabela1[[#This Row],[Prazo início (anos)]]-1)*365) -> 47533 | L9: EVTEA - Plano de Exploração | M9: 0.01 | N9: =('Tabela 00 - Cadastro'!$E$6)*Tabela1[[#This Row],[% de CAPEX para o serviço]] -> 12264750 | O9: Estimado

Sheet Tabela 02 - Acompanhamento
A1: Zona portuária | B1: UF | C1: Obj. de Concessão | D1: Tipo de Serviço | E1: Fase | F1: Serviço | G1: Descrição | H1: % executada | I1: CAPEX (Reaj.) | J1: Valor executado | K1: Data da atualização | L1: Responsável | M1: Cargo | N1: Setor | O1: Riscos Relacionados (Tipo) | P1: Riscos Relacionados (Descrição)
A2: Não se aplica | B2: PR | C2: Canal de Paranaguá | D2: CMO | E2: 1ª | F2: Dragagem de Implantação de canal | G2: Evolução para 13,3m | H2: 0.1 | J2: =Tabela16[[#This Row],[% executada]]*'Tabela 01 - Serviços'!$N$2 -> 12264750 | K2: 47275 | L2: Mateus | M2: Analista | N2: PPI | O2: Meio Ambiente | P2: Parte do trecho está com pendência de licenciamento ambiental
A3: Não se aplica | B3: PR | C3: Canal de Paranaguá | D3: CMO | E3: 1ª | F3: Dragagem de Implantação de canal | G3: Evolução para 13,3m | H3: 0.5 | J3: =Tabela16[[#This Row],[% executada]]*'Tabela 01 - Serviços'!$N$2 -> 61323750 | K3: 47644 | L3: Mateus | M3: Analista | N3: PPI | O3: Financeiro | P3: Concessionária está com problemas financeiros para continuidade
A4: Não se aplica | B4: PR | C4: Canal de Paranaguá | D4: CMO | E4: 1ª | F4: Dragagem de Implantação de canal | G4: Evolução para 13,3m | H4: 1 | J4: =Tabela16[[#This Row],[% executada]]*'Tabela 01 - Serviços'!$N$2 -> 122647500 | K4: 48129 | L4: Mateus | M4: Analista | N4: PPI | O4: Meio Ambiente | P4: Ainda não foi obtida Licença Operacional

Sheet Auxiliar
B2: Tabela 00 - Cadastro
A3: Descrição Geral | B3: Trata-se do cadastro inicial de cada objeto específico de concessão. Vai se referir a chave primária para relação com as demais tabelas.
A4: Coluna | B4: Zona portuária | C4: UF | D4: Obj. de Concessão | E4: Tipo | F4: CAPEX Total | G4: Data de assinatura do contrato | H4: Descrição | I4: Coordenada E (UTM) | J4: Coordenada S (UTM) | K4: Fuso
A5: Descrição do tipo de dado | B5: Nome da zona portuária a ser concedida, conforme exemplos abaixo. Aceita textos curtos. | C5: Unidade federativa do porto, aceita uma ou mais unidades federativas. | D5: Descrever o objeto específico da Concessão, que pode ser um Terminal, o Canal, a Administração do porto. | E5: FIXO (Concessão; Arrendamento ou Autorização) | F5: Valor total do CAPEX previsto nos estudos para toda concessão. | G5: Data da assinatura do contrato. | H5: Descrição livre do objeto de concessão | I5: Para visualização (SIG) | J5: Para visualização (SIG) | K5: Para visualização (SIG)
A6: Dados exemplificativos | B6: Porto Organizado de Santos | C6: SP | D6: TECON 10 | E6: Concessão | F6: Ex:
B7: Não se aplica | C7: MT; MS | D7: Hidrovia do Paraguai | E7: Arrendamento | F7: 1000000000
B8: Porto Organizado de Maceió | C8: AL | D8: TPM Macéio | E8: Autorização
B9: Porto Organizado do Rio de Janeiro | C9: RJ | D9: RDJ07
B10: Não se aplica | C10: PR | D10: Canal de Paranaguá
A11: Restrições | B11: Nomes curtos (buscar padronização, talvez um autocompletar para facilitar na hora do preenchimento, pois poderão existir mais de objeto de concessão no mesmo porto). | C11: Siglas dos estados, uma ou mais. | D11: Nomes curtos | E11: 3 opções unicas | F11: Monetário (Real) | G11: Data: (11/11/2011) | H11: Livre | I11: Número | J11: Número | K11: Número
B13: Tabela 01 - Serviços
A14: Descrição geral | B14: Trata-se do banco de dados onde serão cadastrados os serviços a serem realizados nos objetos de concessão. Cada serviço será um registro e um conjunto de serviço estará vinculado a um registro da Tabela 00.
A15: Coluna | B15: Tipo de Serviço | C15: Fase | D15: Serviço | E15: Descrição | F15: Prazo início (anos) | G15: Data de início | H15: Prazo final (anos) | I15: Data final | J15: Fonte (Prazo) | K15: % de CAPEX para o serviço | L15: CAPEX do Serviço | M15: Fonte (% do CAPEX)
A16: Descrição do tipo de dado | B16: Trata-se de uma classificação MACRO do serviço. Uma classe mais genérica. | C16: 1ª, 2ª, 3ª (...) | D16: Uma classificação ainda geral, mas mais detalhada do serviço. | E16: Descrição mais livre que tornará o serviço único. | F16: Nº do ano acrescido de de "i" ou "f". "i" refere-se ao início do ano e "f" ao final. | G16: Será calculada considerando o prazo e a data de assinatura do contrato (Data + nº de anos). | H16: Nº do ano acrescido de de "i" ou "f". "i" refere-se ao início do ano e "f" ao final. | I16: Será calculada considerando o prazo e a data de assinatura do contrato (Data + nº de anos). | J16: De onde foi tirado as informações. | K16: % do CAPEX estimada para o serviço. | L16: Valor do CAPEX considerando a % estimada | M16: Fonte da % do CAPEX, pode ser "Estimado" ou de algum estudo.
A17: Dados exemplificativos | B17: CMO | C17: 1ª | D17: Dragagem de Implantação de berços | F17: 3-i | G17: DATA+[PRAZO-1ANO+1DIA] -> Se "i" | H17: 3-i | I17: DATA+[PRAZO-1ANO+1DIA] -> Se "i" | J17: EVTEA - Plano de Exploração
B18: Disponibilidade de Infraestrutura | C18: 2ª | D18: Alargamento de bacia de evolução | F18: 3-f | G18: DATA+[PRAZO] -> Se "f" | H18: 3-f | I18: DATA+[PRAZO] -> Se "f"
D19: Derrocamento | F19: 4-f | H19: 4-f
A20: Restrições | B20: Lista suspensa com possibilidade de acrescentar opções. | C20: Conforme formato exemplificado. | D20: Lista suspensa com possibilidade de acrescentar opções. | E20: Descrição livre. | F20: Conforme formato exemplificado. | G20: Automático | H20: Conforme formato exemplificado. | I20: Automático | J20: Lista suspensa com possibilidade de acrescentar opções. | K20: Porcentagem | L20: Automático | M20: Lista suspensa com possibilidade de acrescentar opções.
B22: Tabela 02 - Acompanhamento
A23: Descrição geral
A24: Coluna | B24: % executada | C24: CAPEX (Reaj.) | D24: Data da atualização | E24: Responsável | F24: Cargo | G24: Setor | H24: Riscos Relacionados (Tipo) | I24: Riscos Relacionados (Descrição)
A25: Descrição do tipo de dado | B25: % do serviço executa no dia de atualização. | C25: Reajuste do CAPEX total se houver. | D25: Data da atualização | E25: Quem atualizou | F25: Cargo de quem atualizou | G25: Setor de quem atualizou | H25: Classificação do risco relacionado a próxima etapa. | I25: Risco relacionado ao alcance das próximas etapas.
A26: Dados exemplificativos | B26: 1 | C26: 1110000000 | E26: Mateus | F26: Analista | G26: PPI | H26: Meio ambiente
B27: 0.55 | C27: 1120000000 | E27: Carlos | F27: Estagiário | G27: PPI | H27: Financeiro
E28: Fulano | F28: Técnico | G28: MPOR
A29: Restrições | B29: Valores em porcentagem. | C29: Valor monetário | D29: Data (11/11/2011) | G29: Lista suspensa com possibilidade de incluir novas opções. | H29: Lista suspensa com possibilidade de incluir novas opções. | I29: Descrição mais livre.

Sheet Relações entre tabelas
B3: RELAÇÃO ENTRE OS DADOS
B6: Zona portuária | C6: UF | D6: Obj. de Concessão | G6: Chave primária da tabela 00 para os outros cadastros.
B9: Tipo de Serviço | C9: Fase | D9: Serviço | E9: Descrição | G9: Chave primária da tabela 01 para os outros cadastros.
B12: % executada | C12: CAPEX (Reaj.) | D12: Data da atualização | G12: Cadastro único da tabela de acompanhamento
B17: Zona portuária | C17: UF | D17: Obj. de Concessão | E17: Tipo de Serviço | F17: Fase | G17: Serviço | H17: Descrição | I17: % executada | J17: CAPEX (Reaj.) | K17: Data da atualização
I18: % executada | J18: CAPEX (Reaj.) | K18: Data da atualização
I19: % executada | J19: CAPEX (Reaj.) | K19: Data da atualização
E21: Tipo de Serviço | F21: Fase | G21: Serviço | H21: Descrição | I21: % executada | J21: CAPEX (Reaj.) | K21: Data da atualização
I22: % executada | J22: CAPEX (Reaj.) | K22: Data da atualização
I23: % executada | J23: CAPEX (Reaj.) | K23: Data da atualização
E25: Tipo de Serviço | F25: Fase | G25: Serviço | H25: Descrição | I25: % executada | J25: CAPEX (Reaj.) | K25: Data da atualização
I26: % executada | J26: CAPEX (Reaj.) | K26: Data da atualização
I27: % executada | J27: CAPEX (Reaj.) | K27: Data da atualização
B29: Zona portuária | C29: UF | D29: Obj. de Concessão | E29: Tipo de Serviço | F29: Fase | G29: Serviço | H29: Descrição | I29: % executada | J29: CAPEX (Reaj.) | K29: Data da atualização
I30: % executada | J30: CAPEX (Reaj.) | K30: Data da atualização
I31: % executada | J31: CAPEX (Reaj.) | K31: Data da atualização
E33: Tipo de Serviço | F33: Fase | G33: Serviço | H33: Descrição | I33: % executada | J33: CAPEX (Reaj.) | K33: Data da atualização
I34: % executada | J34: CAPEX (Reaj.) | K34: Data da atualização
I35: % executada | J35: CAPEX (Reaj.) | K35: Data da atualização
E37: Tipo de Serviço | F37: Fase | G37: Serviço | H37: Descrição | I37: % executada | J37: CAPEX (Reaj.) | K37: Data da atualização
I38: % executada | J38: CAPEX (Reaj.) | K38: Data da atualização
I39: % executada | J39: CAPEX (Reaj.) | K39: Data da atualização
